{
    "name": "root",
    "gauges": {
        "Tagger.Policy.Entropy.mean": {
            "value": 1.5114705562591553,
            "min": 1.447317123413086,
            "max": 1.5322885513305664,
            "count": 200
        },
        "Tagger.Policy.Entropy.sum": {
            "value": 7327.609375,
            "min": 6360.16552734375,
            "max": 8938.630859375,
            "count": 200
        },
        "Tagger.Environment.EpisodeLength.mean": {
            "value": 999.0,
            "min": 109.25,
            "max": 999.0,
            "count": 200
        },
        "Tagger.Environment.EpisodeLength.sum": {
            "value": 3996.0,
            "min": 874.0,
            "max": 11595.0,
            "count": 200
        },
        "Tagger.Step.mean": {
            "value": 999901.0,
            "min": 4978.0,
            "max": 999901.0,
            "count": 200
        },
        "Tagger.Step.sum": {
            "value": 999901.0,
            "min": 4978.0,
            "max": 999901.0,
            "count": 200
        },
        "Tagger.Policy.ExtrinsicValueEstimate.mean": {
            "value": -2.563138246536255,
            "min": -3.4496331214904785,
            "max": 28.80135154724121,
            "count": 200
        },
        "Tagger.Policy.ExtrinsicValueEstimate.sum": {
            "value": -102.52552795410156,
            "min": -137.98532104492188,
            "max": 1296.060791015625,
            "count": 200
        },
        "Tagger.Environment.CumulativeReward.mean": {
            "value": -36.04500162601471,
            "min": -48.43000411987305,
            "max": 126.18353646142143,
            "count": 200
        },
        "Tagger.Environment.CumulativeReward.sum": {
            "value": -144.18000650405884,
            "min": -352.65002620220184,
            "max": 1481.7825340628624,
            "count": 200
        },
        "Tagger.Policy.ExtrinsicReward.mean": {
            "value": -36.04500162601471,
            "min": -48.43000411987305,
            "max": 126.18353646142143,
            "count": 200
        },
        "Tagger.Policy.ExtrinsicReward.sum": {
            "value": -144.18000650405884,
            "min": -352.65002620220184,
            "max": 1481.7825340628624,
            "count": 200
        },
        "Tagger.Losses.PolicyLoss.mean": {
            "value": 0.06643672754418933,
            "min": 0.05643941531767875,
            "max": 0.0809935415503181,
            "count": 200
        },
        "Tagger.Losses.PolicyLoss.sum": {
            "value": 0.199310182632568,
            "min": 0.1128788306353575,
            "max": 0.2363996664581446,
            "count": 200
        },
        "Tagger.Losses.ValueLoss.mean": {
            "value": 2.1050852272245617,
            "min": 1.5918488061676423,
            "max": 93.6771343714661,
            "count": 200
        },
        "Tagger.Losses.ValueLoss.sum": {
            "value": 6.315255681673685,
            "min": 3.1836976123352847,
            "max": 281.0314031143983,
            "count": 200
        },
        "Tagger.Policy.LearningRate.mean": {
            "value": 8.577997140999946e-07,
            "min": 8.577997140999946e-07,
            "max": 0.0002990694003102,
            "count": 200
        },
        "Tagger.Policy.LearningRate.sum": {
            "value": 2.5733991422999838e-06,
            "min": 2.5733991422999838e-06,
            "max": 0.0008798178067273999,
            "count": 200
        },
        "Tagger.Policy.Epsilon.mean": {
            "value": 0.1002859,
            "min": 0.1002859,
            "max": 0.19968979999999997,
            "count": 200
        },
        "Tagger.Policy.Epsilon.sum": {
            "value": 0.3008577,
            "min": 0.2016446,
            "max": 0.5932726,
            "count": 200
        },
        "Tagger.Policy.Beta.mean": {
            "value": 3.856140999999982e-05,
            "min": 3.856140999999982e-05,
            "max": 0.009969011020000001,
            "count": 200
        },
        "Tagger.Policy.Beta.sum": {
            "value": 0.00011568422999999946,
            "min": 0.00011568422999999946,
            "max": 0.02932793274,
            "count": 200
        },
        "Tagger.IsTraining.mean": {
            "value": 1.0,
            "min": 1.0,
            "max": 1.0,
            "count": 200
        },
        "Tagger.IsTraining.sum": {
            "value": 1.0,
            "min": 1.0,
            "max": 1.0,
            "count": 200
        },
        "Runner.Policy.Entropy.mean": {
            "value": 1.997733473777771,
            "min": 1.853728175163269,
            "max": 2.0200984477996826,
            "count": 200
        },
        "Runner.Policy.Entropy.sum": {
            "value": 9685.01171875,
            "min": 8192.064453125,
            "max": 11803.3583984375,
            "count": 200
        },
        "Runner.Environment.EpisodeLength.mean": {
            "value": 999.0,
            "min": 109.25,
            "max": 999.0,
            "count": 200
        },
        "Runner.Environment.EpisodeLength.sum": {
            "value": 3996.0,
            "min": 874.0,
            "max": 11595.0,
            "count": 200
        },
        "Runner.Step.mean": {
            "value": 999901.0,
            "min": 4978.0,
            "max": 999901.0,
            "count": 200
        },
        "Runner.Step.sum": {
            "value": 999901.0,
            "min": 4978.0,
            "max": 999901.0,
            "count": 200
        },
        "Runner.Policy.ExtrinsicValueEstimate.mean": {
            "value": -1.2008157968521118,
            "min": -29.525197982788086,
            "max": -0.1907666176557541,
            "count": 200
        },
        "Runner.Policy.ExtrinsicValueEstimate.sum": {
            "value": -48.032630920410156,
            "min": -1387.684326171875,
            "max": -7.630664825439453,
            "count": 200
        },
        "Runner.Environment.CumulativeReward.mean": {
            "value": 0.0,
            "min": -130.38210950578963,
            "max": 0.0,
            "count": 200
        },
        "Runner.Environment.CumulativeReward.sum": {
            "value": 0.0,
            "min": -1725.1626739501953,
            "max": 0.0,
            "count": 200
        },
        "Runner.Policy.ExtrinsicReward.mean": {
            "value": 0.0,
            "min": -130.38210950578963,
            "max": 0.0,
            "count": 200
        },
        "Runner.Policy.ExtrinsicReward.sum": {
            "value": 0.0,
            "min": -1725.1626739501953,
            "max": 0.0,
            "count": 200
        },
        "Runner.Losses.PolicyLoss.mean": {
            "value": 0.0658056412438681,
            "min": 0.05395546091313008,
            "max": 0.08712950197029082,
            "count": 200
        },
        "Runner.Losses.PolicyLoss.sum": {
            "value": 0.1974169237316043,
            "min": 0.10791092182626016,
            "max": 0.24876312821288593,
            "count": 200
        },
        "Runner.Losses.ValueLoss.mean": {
            "value": 1.6784919992917116,
            "min": 0.7787128249183297,
            "max": 77.3874820139673,
            "count": 200
        },
        "Runner.Losses.ValueLoss.sum": {
            "value": 5.0354759978751344,
            "min": 1.5574256498366594,
            "max": 232.1624460419019,
            "count": 200
        },
        "Runner.Policy.LearningRate.mean": {
            "value": 8.577997140999946e-07,
            "min": 8.577997140999946e-07,
            "max": 0.0002990694003102,
            "count": 200
        },
        "Runner.Policy.LearningRate.sum": {
            "value": 2.5733991422999838e-06,
            "min": 2.5733991422999838e-06,
            "max": 0.0008798178067273999,
            "count": 200
        },
        "Runner.Policy.Epsilon.mean": {
            "value": 0.1002859,
            "min": 0.1002859,