{
    "name": "root",
    "gauges": {
        "Tagger.Policy.Entropy.mean": {
            "value": 1.4921774864196777,
            "min": 1.468384861946106,
            "max": 1.496825933456421,
            "count": 65
        },
        "Tagger.Policy.Entropy.sum": {
            "value": 7019.203125,
            "min": 6016.310546875,
            "max": 8932.9384765625,
            "count": 65
        },
        "Tagger.Environment.EpisodeLength.mean": {
            "value": 120.90243902439025,
            "min": 69.0,
            "max": 248.44,
            "count": 65
        },
        "Tagger.Environment.EpisodeLength.sum": {
            "value": 4957.0,
            "min": 1518.0,
            "max": 7298.0,
            "count": 65
        },
        "Tagger.Step.mean": {
            "value": 324889.0,
            "min": 4982.0,
            "max": 324889.0,
            "count": 65
        },
        "Tagger.Step.sum": {
            "value": 324889.0,
            "min": 4982.0,
            "max": 324889.0,
            "count": 65
        },
        "Tagger.Policy.ExtrinsicValueEstimate.mean": {
            "value": 66.07968139648438,
            "min": 46.10128402709961,
            "max": 74.8690414428711,
            "count": 65
        },
        "Tagger.Policy.ExtrinsicValueEstimate.sum": {
            "value": 4229.099609375,
            "min": 2305.064208984375,
            "max": 5168.56494140625,
            "count": 65
        },
        "Tagger.Environment.CumulativeReward.mean": {
            "value": 118.31880708174272,
            "min": 100.34633769159731,
            "max": 123.2168323682702,
            "count": 65
        },
        "Tagger.Environment.CumulativeReward.sum": {
            "value": 5206.02751159668,
            "min": 2307.9657669067383,
            "max": 6736.407127380371,
            "count": 65
        },
        "Tagger.Policy.ExtrinsicReward.mean": {
            "value": 118.31880708174272,
            "min": 100.34633769159731,
            "max": 123.2168323682702,
            "count": 65
        },
        "Tagger.Policy.ExtrinsicReward.sum": {
            "value": 5206.02751159668,
            "min": 2307.9657669067383,
            "max": 6736.407127380371,
            "count": 65
        },
        "Tagger.Losses.PolicyLoss.mean": {
            "value": 0.06863444824800051,
            "min": 0.060197228469940675,
            "max": 0.07929547728660205,
            "count": 65
        },
        "Tagger.Losses.PolicyLoss.sum": {
            "value": 0.13726889649600102,
            "min": 0.12039445693988135,
            "max": 0.2266103821748402,
            "count": 65
        },
        "Tagger.Losses.ValueLoss.mean": {
            "value": 78.98519798119862,
            "min": 46.54186256726583,
            "max": 113.74319721203224,
            "count": 65
        },
        "Tagger.Losses.ValueLoss.sum": {
            "value": 157.97039596239725,
            "min": 94.99738971392313,
            "max": 271.46481386820477,
            "count": 65
        },
        "Tagger.Policy.LearningRate.mean": {
            "value": 0.0002031948322684,
            "min": 0.0002031948322684,
            "max": 0.00029901165032945,
            "count": 65
        },
        "Tagger.Policy.LearningRate.sum": {
            "value": 0.0004063896645368,
            "min": 0.0004063896645368,
            "max": 0.0008885157038280998,
            "count": 65
        },
        "Tagger.Policy.Epsilon.mean": {
            "value": 0.16773159999999998,
            "min": 0.16773159999999998,
            "max": 0.19967055000000003,
            "count": 65
        },
        "Tagger.Policy.Epsilon.sum": {
            "value": 0.33546319999999996,
            "min": 0.33546319999999996,
            "max": 0.5961719000000001,
            "count": 65
        },
        "Tagger.Policy.Beta.mean": {
            "value": 0.006776386840000001,
            "min": 0.006776386840000001,
            "max": 0.009967087944999998,
            "count": 65
        },
        "Tagger.Policy.Beta.sum": {
            "value": 0.013552773680000001,
            "min": 0.013552773680000001,
            "max": 0.029617572810000003,
            "count": 65
        },
        "Tagger.IsTraining.mean": {
            "value": 1.0,
            "min": 1.0,
            "max": 1.0,
            "count": 65
        },
        "Tagger.IsTraining.sum": {
            "value": 1.0,
            "min": 1.0,
            "max": 1.0,
            "count": 65
        },
        "Runner.Policy.Entropy.mean": {
            "value": 1.5519556999206543,
            "min": 1.4541804790496826,
            "max": 1.5532094240188599,
            "count": 65
        },
        "Runner.Policy.Entropy.sum": {
            "value": 7300.3994140625,
            "min": 5975.71875,
            "max": 8825.955078125,
            "count": 65
        },
        "Runner.Environment.EpisodeLength.mean": {
            "value": 120.90243902439025,
            "min": 69.0,
            "max": 248.44,
            "count": 65
        },
        "Runner.Environment.EpisodeLength.sum": {
            "value": 4957.0,
            "min": 1518.0,
            "max": 7298.0,
            "count": 65
        },
        "Runner.Step.mean": {
            "value": 324889.0,
            "min": 4982.0,
            "max": 324889.0,
            "count": 65
        },
        "Runner.Step.sum": {
            "value": 324889.0,
            "min": 4982.0,
            "max": 324889.0,
            "count": 65
        },
        "Runner.Policy.ExtrinsicValueEstimate.mean": {
            "value": -63.06470489501953,
            "min": -75.75586700439453,
            "max": -48.38213348388672,
            "count": 65
        },
        "Runner.Policy.ExtrinsicValueEstimate.sum": {
            "value": -4036.14111328125,
            "min": -5283.0126953125,
            "max": -2419.106689453125,
            "count": 65
        },
        "Runner.Environment.CumulativeReward.mean": {
            "value": -118.31880708174272,
            "min": -123.2168323682702,
            "max": -100.34633769159731,
            "count": 65
        },
        "Runner.Environment.CumulativeReward.sum": {
            "value": -5206.02751159668,
            "min": -6736.407127380371,
            "max": -2307.9657669067383,
            "count": 65
        },
        "Runner.Policy.ExtrinsicReward.mean": {
            "value": -118.31880708174272,
            "min": -123.2168323682702,
            "max": -100.34633769159731,
            "count": 65
        },
        "Runner.Policy.ExtrinsicReward.sum": {
            "value": -5206.02751159668,
            "min": -6736.407127380371,
            "max": -2307.9657669067383,
            "count": 65
        },
        "Runner.Losses.PolicyLoss.mean": {
            "value": 0.06638413016723159,
            "min": 0.05951971964289745,
            "max": 0.08383425704475182,
            "count": 65
        },
        "Runner.Losses.PolicyLoss.sum": {
            "value": 0.13276826033446318,
            "min": 0.1190394392857949,
            "max": 0.22276921112400794,
            "count": 65
        },
        "Runner.Losses.ValueLoss.mean": {
            "value": 73.19666868448257,
            "min": 35.41105847226249,
            "max": 111.40238646432465,
            "count": 65
        },
        "Runner.Losses.ValueLoss.sum": {
            "value": 146.39333736896515,
            "min": 76.12159409125645,
            "max": 239.78233234087628,
            "count": 65
        },
        "Runner.Policy.LearningRate.mean": {
            "value": 0.0002031948322684,
            "min": 0.0002031948322684,
            "max": 0.00029901165032945,
            "count": 65
        },
        "Runner.Policy.LearningRate.sum": {
            "value": 0.0004063896645368,
            "min": 0.0004063896645368,
            "max": 0.0008885157038280998,
            "count": 65
        },