{"count":1,"self":4430.9880832,"total":27698.176354799998,"children":{"InitializeActuators":{"count":32,"self":0.0039987,"total":0.0039987,"children":null},"InitializeSensors":{"count":32,"self":0.0060095999999999995,"total":0.0220059,"children":{"CreateObservableSensors":{"count":32,"self":0.015996299999999998,"total":0.015996299999999998,"children":null}}},"AgentSendState":{"count":2555284,"self":6919.4227711999993,"total":8552.465399499999,"children":{"CollectObservations":{"count":16353824,"self":1174.2089216,"total":1174.2089526,"children":null},"WriteActionMask":{"count":16353824,"self":23.9221872,"total":23.922187299999997,"children":null},"RequestDecision":{"count":16353824,"self":88.1322752,"total":434.91123189999996,"children":{"AgentInfo.ToProto":{"count":16353824,"self":77.6275136,"total":346.7789578,"children":{"GenerateSensorData":{"count":16353824,"self":230.8973824,"total":269.1514467,"children":{"RayPerceptionSensor.Perceive":{"count":8176912,"self":38.2540608,"total":38.2540595,"children":null}}}}}}}}},"DecideAction":{"count":2555284,"self":14466.826239999999,"total":14466.825888,"children":null},"AgentAct":{"count":2555284,"self":243.4101504,"total":243.5480997,"children":{"AgentInfo.ToProto":{"count":4694,"self":0.0441502,"total":0.1379589,"children":{"GenerateSensorData":{"count":4694,"self":0.0778292,"total":0.0938087,"children":{"RayPerceptionSensor.Perceive":{"count":2347,"self":0.0159795,"total":0.0159795,"children":null}}}}}}},"AgentInfo.ToProto":{"count":126156,"self":1.4264827,"total":4.3210422,"children":{"GenerateSensorData":{"count":126156,"self":2.4960956,"total":2.8945594999999997,"children":{"RayPerceptionSensor.Perceive":{"count":63078,"self":0.398464,"total":0.398464,"children":null}}}}}},"gauges":{"Runner.CumulativeReward":{"count":65425,"max":952.321655,"min":-498.721222,"runningAverage":-104.743004,"value":-57.41394,"weightedAverage":-81.76428},"Tagger.CumulativeReward":{"count":65425,"max":433.333344,"min":-499.421265,"runningAverage":108.832314,"value":85.2602539,"weightedAverage":98.47679}},"metadata":{"timer_format_version":"0.1.0","start_time_seconds":"1682321213","unity_version":"2021.3.16f1","command_line_arguments":"C:\\Program Files\\Unity 2021.3.16f1\\Editor\\Unity.exe -projectpath C:\\Users\\pasarm\\Documents\\Unity\\ML Tag -useHub -hubIPC -cloudEnvironment production -licensingIpc LicenseClient-pasarm -hubSessionId 63910cc0-e096-11ed-adeb-73b743f4944b -accessToken aKeq-XuCya9zYwKExRS-iKICFTR8Ia5hjujF42RGfcQ002f","communication_protocol_version":"1.5.0","com.unity.ml-agents_version":"2.0.1","scene_name":"Training","end_time_seconds":"1682348911"}}