{
    "name": "root",
    "gauges": {
        "Tagger.Policy.Entropy.mean": {
            "value": 1.536523461341858,
            "min": 1.4806323051452637,
            "max": 1.536788821220398,
            "count": 185
        },
        "Tagger.Policy.Entropy.sum": {
            "value": 7719.494140625,
            "min": 5724.0283203125,
            "max": 9339.0390625,
            "count": 185
        },
        "Tagger.Step.mean": {
            "value": 999938.0,
            "min": 79878.0,
            "max": 999938.0,
            "count": 185
        },
        "Tagger.Step.sum": {
            "value": 999938.0,
            "min": 79878.0,
            "max": 999938.0,
            "count": 185
        },
        "Tagger.Policy.ExtrinsicValueEstimate.mean": {
            "value": 2.5173275470733643,
            "min": 0.7241537570953369,
            "max": 55.1639518737793,
            "count": 185
        },
        "Tagger.Policy.ExtrinsicValueEstimate.sum": {
            "value": 100.69309997558594,
            "min": 28.966150283813477,
            "max": 3089.181396484375,
            "count": 185
        },
        "Tagger.Environment.EpisodeLength.mean": {
            "value": 698.3333333333334,
            "min": 135.10256410256412,
            "max": 999.0,
            "count": 184
        },
        "Tagger.Environment.EpisodeLength.sum": {
            "value": 2095.0,
            "min": 417.0,
            "max": 14985.0,
            "count": 184
        },
        "Tagger.Environment.CumulativeReward.mean": {
            "value": 35.434683226048946,
            "min": -47.192134094238284,
            "max": 104.43546243570745,
            "count": 184
        },
        "Tagger.Environment.CumulativeReward.sum": {
            "value": 106.30404967814684,
            "min": -509.5000032633543,
            "max": 3689.1143846213818,
            "count": 184
        },
        "Tagger.Policy.ExtrinsicReward.mean": {
            "value": 35.434683226048946,
            "min": -47.192134094238284,
            "max": 104.43546243570745,
            "count": 184
        },
        "Tagger.Policy.ExtrinsicReward.sum": {
            "value": 106.30404967814684,
            "min": -509.5000032633543,
            "max": 3689.1143846213818,
            "count": 184
        },
        "Tagger.Losses.PolicyLoss.mean": {
            "value": 0.06576215226959903,
            "min": 0.05442697418038733,
            "max": 0.08341600095930819,
            "count": 185
        },
        "Tagger.Losses.PolicyLoss.sum": {
            "value": 0.13152430453919806,
            "min": 0.07385840438655578,
            "max": 0.229329275500883,
            "count": 185
        },
        "Tagger.Losses.ValueLoss.mean": {
            "value": 2.762087944895029,
            "min": 0.5391259413833419,
            "max": 51.84409827987353,
            "count": 185
        },
        "Tagger.Losses.ValueLoss.sum": {
            "value": 5.524175889790058,
            "min": 1.0782518827666838,
            "max": 126.62425388892493,
            "count": 185
        },
        "Tagger.Policy.LearningRate.mean": {
            "value": 8.013997328999936e-07,
            "min": 8.013997328999936e-07,
            "max": 0.00027645900784699996,
            "count": 185
        },
        "Tagger.Policy.LearningRate.sum": {
            "value": 1.6027994657999873e-06,
            "min": 1.6027994657999873e-06,
            "max": 0.0008075670308109999,
            "count": 185
        },
        "Tagger.Policy.Epsilon.mean": {
            "value": 0.1002671,
            "min": 0.1002671,
            "max": 0.19215300000000002,
            "count": 185
        },
        "Tagger.Policy.Epsilon.sum": {
            "value": 0.2005342,
            "min": 0.189308,
            "max": 0.569189,
            "count": 185
        },
        "Tagger.Policy.Beta.mean": {
            "value": 3.668328999999979e-05,
            "min": 3.668328999999979e-05,
            "max": 0.0092160847,
            "count": 185
        },
        "Tagger.Policy.Beta.sum": {
            "value": 7.336657999999958e-05,
            "min": 7.336657999999958e-05,
            "max": 0.0269219811,
            "count": 185
        },
        "Tagger.IsTraining.mean": {
            "value": 1.0,
            "min": 1.0,
            "max": 1.0,
            "count": 185
        },
        "Tagger.IsTraining.sum": {
            "value": 1.0,
            "min": 1.0,
            "max": 1.0,
            "count": 185
        },
        "Runner.Policy.Entropy.mean": {
            "value": 1.5201767683029175,
            "min": 1.4729293584823608,
            "max": 1.5431036949157715,
            "count": 185
        },
        "Runner.Policy.Entropy.sum": {
            "value": 7734.6591796875,
            "min": 5712.0185546875,
            "max": 9281.6484375,
            "count": 185
        },
        "Runner.Step.mean": {
            "value": 999938.0,
            "min": 79878.0,
            "max": 999938.0,
            "count": 185
        },
        "Runner.Step.sum": {
            "value": 999938.0,
            "min": 79878.0,
            "max": 999938.0,
            "count": 185
        },
        "Runner.Policy.ExtrinsicValueEstimate.mean": {
            "value": -2.6861960887908936,
            "min": -58.26888656616211,
            "max": -0.21063369512557983,
            "count": 185
        },
        "Runner.Policy.ExtrinsicValueEstimate.sum": {
            "value": -107.44784545898438,
            "min": -3263.0576171875,
            "max": -8.214714050292969,
            "count": 185
        },
        "Runner.Environment.EpisodeLength.mean": {
            "value": 698.3333333333334,
            "min": 135.10256410256412,
            "max": 999.0,
            "count": 184
        },
        "Runner.Environment.EpisodeLength.sum": {
            "value": 2095.0,
            "min": 417.0,
            "max": 14985.0,
            "count": 184
        },
        "Runner.Environment.CumulativeReward.mean": {
            "value": -36.73468271891276,
            "min": -110.24420547485352,
            "max": 0.0,
            "count": 184
        },
        "Runner.Environment.CumulativeReward.sum": {
            "value": -110.20404815673828,
            "min": -3943.9143829345703,
            "max": 0.0,
            "count": 184
        },
        "Runner.Policy.ExtrinsicReward.mean": {
            "value": -36.73468271891276,
            "min": -110.24420547485352,
            "max": 0.0,
            "count": 184
        },
        "Runner.Policy.ExtrinsicReward.sum": {
            "value": -110.20404815673828,
            "min": -3943.9143829345703,
            "max": 0.0,
            "count": 184
        },
        "Runner.Losses.PolicyLoss.mean": {
            "value": 0.07322847116544533,
            "min": 0.05579956312916086,
            "max": 0.08486897131660953,
            "count": 185
        },
        "Runner.Losses.PolicyLoss.sum": {
            "value": 0.14645694233089065,
            "min": 0.06445815002856155,
            "max": 0.25455869477688486,
            "count": 185
        },
        "Runner.Losses.ValueLoss.mean": {
            "value": 5.275387017677228,
            "min": 0.4728909159640944,
            "max": 51.62198171019554,
            "count": 185
        },
        "Runner.Losses.ValueLoss.sum": {
            "value": 10.550774035354456,
            "min": 0.9457818319281888,
            "max": 143.29062298933664,
            "count": 185
        },
        "Runner.Policy.LearningRate.mean": {
            "value": 8.013997328999936e-07,
            "min": 8.013997328999936e-07,
            "max": 0.00027645900784699996,
            "count": 185
        },
        "Runner.Policy.LearningRate.sum": {
            "value": 1.6027994657999873e-06,
            "min": 1.6027994657999873e-06,
            "max": 0.0008075670308109999,
            "count": 185
        },