{
    "name": "root",
    "gauges": {
        "Tagger.Policy.Entropy.mean": {
            "value": 1.486799955368042,
            "min": 1.486799955368042,
            "max": 1.5601993799209595,
            "count": 200
        },
        "Tagger.Policy.Entropy.sum": {
            "value": 7659.9931640625,
            "min": 6324.8935546875,
            "max": 9334.890625,
            "count": 200
        },
        "Tagger.Environment.EpisodeLength.mean": {
            "value": 287.0,
            "min": 58.689655172413794,
            "max": 499.84615384615387,
            "count": 200
        },
        "Tagger.Environment.EpisodeLength.sum": {
            "value": 3444.0,
            "min": 2061.0,
            "max": 8926.0,
            "count": 200
        },
        "Tagger.Step.mean": {
            "value": 999888.0,
            "min": 4998.0,
            "max": 999888.0,
            "count": 200
        },
        "Tagger.Step.sum": {
            "value": 999888.0,
            "min": 4998.0,
            "max": 999888.0,
            "count": 200
        },
        "Tagger.Policy.ExtrinsicValueEstimate.mean": {
            "value": 27.595136642456055,
            "min": 20.69424819946289,
            "max": 77.2083740234375,
            "count": 200
        },
        "Tagger.Policy.ExtrinsicValueEstimate.sum": {
            "value": 1214.18603515625,
            "min": 899.3062133789062,
            "max": 5713.41943359375,
            "count": 200
        },
        "Tagger.Environment.CumulativeReward.mean": {
            "value": 98.84989166259766,
            "min": 63.311711120605466,
            "max": 127.00736236572266,
            "count": 200
        },
        "Tagger.Environment.CumulativeReward.sum": {
            "value": 1285.0485916137695,
            "min": 643.9778289794922,
            "max": 7281.550384521484,
            "count": 200
        },
        "Tagger.Policy.ExtrinsicReward.mean": {
            "value": 98.84989166259766,
            "min": 63.311711120605466,
            "max": 127.00736236572266,
            "count": 200
        },
        "Tagger.Policy.ExtrinsicReward.sum": {
            "value": 1285.0485916137695,
            "min": 643.9778289794922,
            "max": 7281.550384521484,
            "count": 200
        },
        "Tagger.Losses.PolicyLoss.mean": {
            "value": 0.0676162179952371,
            "min": 0.053408427787503356,
            "max": 0.08066419824414577,
            "count": 200
        },
        "Tagger.Losses.PolicyLoss.sum": {
            "value": 0.1352324359904742,
            "min": 0.1167006185597868,
            "max": 0.2332182033666565,
            "count": 200
        },
        "Tagger.Losses.ValueLoss.mean": {
            "value": 85.28099725643793,
            "min": 29.42227884630362,
            "max": 130.8453075091044,
            "count": 200
        },
        "Tagger.Losses.ValueLoss.sum": {
            "value": 170.56199451287586,
            "min": 58.84455769260724,
            "max": 304.1992330948512,
            "count": 200
        },
        "Tagger.Policy.LearningRate.mean": {
            "value": 8.921497026499887e-07,
            "min": 8.921497026499887e-07,
            "max": 0.0002990646003118,
            "count": 200
        },
        "Tagger.Policy.LearningRate.sum": {
            "value": 1.7842994052999774e-06,
            "min": 1.7842994052999774e-06,
            "max": 0.0008887692037435999,
            "count": 200
        },
        "Tagger.Policy.Epsilon.mean": {
            "value": 0.10029735000000001,
            "min": 0.10029735000000001,
            "max": 0.19968819999999998,
            "count": 200
        },
        "Tagger.Policy.Epsilon.sum": {
            "value": 0.20059470000000001,
            "min": 0.20059470000000001,
            "max": 0.5962564,
            "count": 200
        },
        "Tagger.Policy.Beta.mean": {
            "value": 3.9705264999999626e-05,
            "min": 3.9705264999999626e-05,
            "max": 0.00996885118,
            "count": 200
        },
        "Tagger.Policy.Beta.sum": {
            "value": 7.941052999999925e-05,
            "min": 7.941052999999925e-05,
            "max": 0.02962601436,
            "count": 200
        },
        "Tagger.IsTraining.mean": {
            "value": 1.0,
            "min": 1.0,
            "max": 1.0,
            "count": 200
        },
        "Tagger.IsTraining.sum": {
            "value": 1.0,
            "min": 1.0,
            "max": 1.0,
            "count": 200
        },
        "Runner.Policy.Entropy.mean": {
            "value": 1.673227310180664,
            "min": 1.5541751384735107,
            "max": 1.6939340829849243,
            "count": 200
        },
        "Runner.Policy.Entropy.sum": {
            "value": 8620.466796875,
            "min": 6608.0029296875,
            "max": 10041.71484375,
            "count": 200
        },
        "Runner.Environment.EpisodeLength.mean": {
            "value": 287.0,
            "min": 58.689655172413794,
            "max": 499.84615384615387,
            "count": 200
        },
        "Runner.Environment.EpisodeLength.sum": {
            "value": 3444.0,
            "min": 2061.0,
            "max": 8926.0,
            "count": 200
        },
        "Runner.Step.mean": {
            "value": 999888.0,
            "min": 4998.0,
            "max": 999888.0,
            "count": 200
        },
        "Runner.Step.sum": {
            "value": 999888.0,
            "min": 4998.0,
            "max": 999888.0,
            "count": 200
        },
        "Runner.Policy.ExtrinsicValueEstimate.mean": {
            "value": -26.526111602783203,
            "min": -75.94126892089844,
            "max": -19.187541961669922,
            "count": 200
        },
        "Runner.Policy.ExtrinsicValueEstimate.sum": {
            "value": -1167.14892578125,
            "min": -5619.65380859375,
            "max": -825.0643310546875,
            "count": 200
        },
        "Runner.Environment.CumulativeReward.mean": {
            "value": -98.84989166259766,
            "min": -127.00736236572266,
            "max": -63.311711120605466,
            "count": 200
        },
        "Runner.Environment.CumulativeReward.sum": {
            "value": -1285.0485916137695,
            "min": -7281.550384521484,
            "max": -643.9778289794922,
            "count": 200
        },
        "Runner.Policy.ExtrinsicReward.mean": {
            "value": -98.84989166259766,
            "min": -127.00736236572266,
            "max": -63.311711120605466,
            "count": 200
        },
        "Runner.Policy.ExtrinsicReward.sum": {
            "value": -1285.0485916137695,
            "min": -7281.550384521484,
            "max": -643.9778289794922,
            "count": 200
        },
        "Runner.Losses.PolicyLoss.mean": {
            "value": 0.06882779342413414,
            "min": 0.049547023207802944,
            "max": 0.08440034416788776,
            "count": 200
        },
        "Runner.Losses.PolicyLoss.sum": {
            "value": 0.13765558684826829,
            "min": 0.09909404641560589,
            "max": 0.25320103250366327,
            "count": 200
        },
        "Runner.Losses.ValueLoss.mean": {
            "value": 78.83491710821788,
            "min": 26.240831812222797,
            "max": 131.82505313555401,
            "count": 200
        },
        "Runner.Losses.ValueLoss.sum": {
            "value": 157.66983421643576,
            "min": 52.481663624445595,
            "max": 293.82912429173786,
            "count": 200
        },
        "Runner.Policy.LearningRate.mean": {
            "value": 8.921497026499887e-07,
            "min": 8.921497026499887e-07,
            "max": 0.0002990646003118,
            "count": 200
        },
        "Runner.Policy.LearningRate.sum": {
            "value": 1.7842994052999774e-06,
            "min": 1.7842994052999774e-06,