{
    "name": "root",
    "gauges": {
        "Tagger.Policy.Entropy.mean": {
            "value": 1.458700180053711,
            "min": 1.458700180053711,
            "max": 1.5547808408737183,
            "count": 178
        },
        "Tagger.Policy.Entropy.sum": {
            "value": 7398.52734375,
            "min": 5905.16552734375,
            "max": 9125.68359375,
            "count": 178
        },
        "Tagger.Environment.EpisodeLength.mean": {
            "value": 55.975903614457835,
            "min": 39.015037593984964,
            "max": 62.81818181818182,
            "count": 178
        },
        "Tagger.Environment.EpisodeLength.sum": {
            "value": 4646.0,
            "min": 3745.0,
            "max": 6022.0,
            "count": 178
        },
        "Tagger.Step.mean": {
            "value": 889971.0,
            "min": 4993.0,
            "max": 889971.0,
            "count": 178
        },
        "Tagger.Step.sum": {
            "value": 889971.0,
            "min": 4993.0,
            "max": 889971.0,
            "count": 178
        },
        "Tagger.Policy.ExtrinsicValueEstimate.mean": {
            "value": 92.05738067626953,
            "min": 89.3504638671875,
            "max": 106.48271179199219,
            "count": 178
        },
        "Tagger.Policy.ExtrinsicValueEstimate.sum": {
            "value": 8101.0498046875,
            "min": 7851.14697265625,
            "max": 13014.3193359375,
            "count": 178
        },
        "Tagger.Environment.CumulativeReward.mean": {
            "value": 123.71092477907618,
            "min": 118.45079936451383,
            "max": 132.3509162826538,
            "count": 178
        },
        "Tagger.Environment.CumulativeReward.sum": {
            "value": 10268.006756663322,
            "min": 9401.536617994308,
            "max": 16543.864535331726,
            "count": 178
        },
        "Tagger.Policy.ExtrinsicReward.mean": {
            "value": 123.71092477907618,
            "min": 118.45079936451383,
            "max": 132.3509162826538,
            "count": 178
        },
        "Tagger.Policy.ExtrinsicReward.sum": {
            "value": 10268.006756663322,
            "min": 9401.536617994308,
            "max": 16543.864535331726,
            "count": 178
        },
        "Tagger.Losses.PolicyLoss.mean": {
            "value": 0.06736534093700661,
            "min": 0.059005313320085406,
            "max": 0.08391935456893407,
            "count": 178
        },
        "Tagger.Losses.PolicyLoss.sum": {
            "value": 0.13473068187401321,
            "min": 0.118172603911565,
            "max": 0.23053540104956483,
            "count": 178
        },
        "Tagger.Losses.ValueLoss.mean": {
            "value": 96.63048672676086,
            "min": 32.33815877636273,
            "max": 112.33049221833548,
            "count": 178
        },
        "Tagger.Losses.ValueLoss.sum": {
            "value": 193.26097345352173,
            "min": 64.67631755272546,
            "max": 286.40907398625916,
            "count": 178
        },
        "Tagger.Policy.LearningRate.mean": {
            "value": 3.380753873084999e-05,
            "min": 3.380753873084999e-05,
            "max": 0.0002990527503157499,
            "count": 178
        },
        "Tagger.Policy.LearningRate.sum": {
            "value": 6.761507746169999e-05,
            "min": 6.761507746169999e-05,
            "max": 0.0008885505038165001,
            "count": 178
        },
        "Tagger.Policy.Epsilon.mean": {
            "value": 0.11126915000000001,
            "min": 0.11126915000000001,
            "max": 0.19968425,
            "count": 178
        },
        "Tagger.Policy.Epsilon.sum": {
            "value": 0.22253830000000002,
            "min": 0.22253830000000002,
            "max": 0.5961835,
            "count": 178
        },
        "Tagger.Policy.Beta.mean": {
            "value": 0.001135788085,
            "min": 0.001135788085,
            "max": 0.009968456575,
            "count": 178
        },
        "Tagger.Policy.Beta.sum": {
            "value": 0.00227157617,
            "min": 0.00227157617,
            "max": 0.02961873165,
            "count": 178
        },
        "Tagger.IsTraining.mean": {
            "value": 1.0,
            "min": 1.0,
            "max": 1.0,
            "count": 178
        },
        "Tagger.IsTraining.sum": {
            "value": 1.0,
            "min": 1.0,
            "max": 1.0,
            "count": 178
        },
        "Runner.Policy.Entropy.mean": {
            "value": 1.809043526649475,
            "min": 1.687012791633606,
            "max": 1.8170902729034424,
            "count": 178
        },
        "Runner.Policy.Entropy.sum": {
            "value": 9175.46875,
            "min": 7270.5390625,
            "max": 10829.4658203125,
            "count": 178
        },
        "Runner.Environment.EpisodeLength.mean": {
            "value": 55.975903614457835,
            "min": 38.88636363636363,
            "max": 62.40506329113924,
            "count": 178
        },
        "Runner.Environment.EpisodeLength.sum": {
            "value": 4646.0,
            "min": 3795.0,
            "max": 6022.0,
            "count": 178
        },
        "Runner.Step.mean": {
            "value": 889971.0,
            "min": 4993.0,
            "max": 889971.0,
            "count": 178
        },
        "Runner.Step.sum": {
            "value": 889971.0,
            "min": 4993.0,
            "max": 889971.0,
            "count": 178
        },
        "Runner.Policy.ExtrinsicValueEstimate.mean": {
            "value": -96.5459976196289,
            "min": -113.40872955322266,
            "max": -95.94464874267578,
            "count": 178
        },
        "Runner.Policy.ExtrinsicValueEstimate.sum": {
            "value": -8496.0478515625,
            "min": -13835.865234375,
            "max": -8376.9501953125,
            "count": 178
        },
        "Runner.Environment.CumulativeReward.mean": {
            "value": -134.54947947306806,
            "min": -150.3620337192143,
            "max": -133.09167230257424,
            "count": 178
        },
        "Runner.Environment.CumulativeReward.sum": {
            "value": -11167.606796264648,
            "min": -17922.864629745483,
            "max": -10407.336633682251,
            "count": 178
        },
        "Runner.Policy.ExtrinsicReward.mean": {
            "value": -134.54947947306806,
            "min": -150.3620337192143,
            "max": -133.09167230257424,
            "count": 178
        },
        "Runner.Policy.ExtrinsicReward.sum": {
            "value": -11167.606796264648,
            "min": -17922.864629745483,
            "max": -10407.336633682251,
            "count": 178
        },
        "Runner.Losses.PolicyLoss.mean": {
            "value": 0.06731868006075577,
            "min": 0.04961420429754071,
            "max": 0.08111906559982648,
            "count": 178
        },
        "Runner.Losses.PolicyLoss.sum": {
            "value": 0.13463736012151153,
            "min": 0.09922840859508142,
            "max": 0.23021835934681198,
            "count": 178
        },
        "Runner.Losses.ValueLoss.mean": {
            "value": 80.55768764019012,
            "min": 30.711260067092045,
            "max": 105.22396429379782,
            "count": 178
        },
        "Runner.Losses.ValueLoss.sum": {
            "value": 161.11537528038025,
            "min": 65.50843187173209,
            "max": 267.5039323568344,
            "count": 178
        },
        "Runner.Policy.LearningRate.mean": {
            "value": 3.380753873084999e-05,
            "min": 3.380753873084999e-05,
            "max": 0.0002990527503157499,
            "count": 178
        },
        "Runner.Policy.LearningRate.sum": {
            "value": 6.761507746169999e-05,
            "min": 6.761507746169999e-05,