{
    "name": "root",
    "gauges": {
        "Runner.Policy.Entropy.mean": {
            "value": 1.45449960231781,
            "min": 1.4192469120025635,
            "max": 1.4728021621704102,
            "count": 200
        },
        "Runner.Policy.Entropy.sum": {
            "value": 7121.22998046875,
            "min": 5758.0576171875,
            "max": 8909.7177734375,
            "count": 200
        },
        "Runner.Environment.EpisodeLength.mean": {
            "value": 224.03703703703704,
            "min": 65.0,
            "max": 999.0,
            "count": 200
        },
        "Runner.Environment.EpisodeLength.sum": {
            "value": 6049.0,
            "min": 130.0,
            "max": 13699.0,
            "count": 200
        },
        "Runner.Step.mean": {
            "value": 999898.0,
            "min": 4996.0,
            "max": 999898.0,
            "count": 200
        },
        "Runner.Step.sum": {
            "value": 999898.0,
            "min": 4996.0,
            "max": 999898.0,
            "count": 200
        },
        "Runner.Policy.ExtrinsicValueEstimate.mean": {
            "value": -52.38538360595703,
            "min": -73.93460083007812,
            "max": -1.1198394298553467,
            "count": 200
        },
        "Runner.Policy.ExtrinsicValueEstimate.sum": {
            "value": -2933.58154296875,
            "min": -5397.2255859375,
            "max": -44.7935791015625,
            "count": 200
        },
        "Runner.Environment.CumulativeReward.mean": {
            "value": -114.28080393473307,
            "min": -125.22373555501302,
            "max": 0.0,
            "count": 200
        },
        "Runner.Environment.CumulativeReward.sum": {
            "value": -3428.424118041992,
            "min": -6418.555450439453,
            "max": 0.0,
            "count": 200
        },
        "Runner.Policy.ExtrinsicReward.mean": {
            "value": -114.28080393473307,
            "min": -125.22373555501302,
            "max": 0.0,
            "count": 200
        },
        "Runner.Policy.ExtrinsicReward.sum": {
            "value": -3428.424118041992,
            "min": -6418.555450439453,
            "max": 0.0,
            "count": 200
        },
        "Runner.Losses.PolicyLoss.mean": {
            "value": 0.06260575249325484,
            "min": 0.05422748472483363,
            "max": 0.08465679500901994,
            "count": 200
        },
        "Runner.Losses.PolicyLoss.sum": {
            "value": 0.12521150498650968,
            "min": 0.07314443761216742,
            "max": 0.23714218432238943,
            "count": 200
        },
        "Runner.Losses.ValueLoss.mean": {
            "value": 86.03082795937857,
            "min": 1.7478907412538924,
            "max": 126.06545488039653,
            "count": 200
        },
        "Runner.Losses.ValueLoss.sum": {
            "value": 172.06165591875714,
            "min": 3.495781482507785,
            "max": 317.1557436784109,
            "count": 200
        },
        "Runner.Policy.LearningRate.mean": {
            "value": 7.131997622999888e-07,
            "min": 7.131997622999888e-07,
            "max": 0.00029905800031399996,
            "count": 200
        },
        "Runner.Policy.LearningRate.sum": {
            "value": 1.4263995245999776e-06,
            "min": 1.4263995245999776e-06,
            "max": 0.000880035006655,
            "count": 200
        },
        "Runner.Policy.Epsilon.mean": {
            "value": 0.10023769999999999,
            "min": 0.10023769999999999,
            "max": 0.19968600000000003,
            "count": 200
        },
        "Runner.Policy.Epsilon.sum": {
            "value": 0.20047539999999997,
            "min": 0.19820809999999994,
            "max": 0.593345,
            "count": 200
        },
        "Runner.Policy.Beta.mean": {
            "value": 3.3746229999999635e-05,
            "min": 3.3746229999999635e-05,
            "max": 0.009968631400000002,
            "count": 200
        },
        "Runner.Policy.Beta.sum": {
            "value": 6.749245999999927e-05,
            "min": 6.749245999999927e-05,
            "max": 0.0293351655,
            "count": 200
        },
        "Runner.IsTraining.mean": {
            "value": 1.0,
            "min": 1.0,
            "max": 1.0,
            "count": 200
        },
        "Runner.IsTraining.sum": {
            "value": 1.0,
            "min": 1.0,
            "max": 1.0,
            "count": 200
        },
        "Tagger.Policy.Entropy.mean": {
            "value": 1.470307469367981,
            "min": 1.4208580255508423,
            "max": 1.518226146697998,
            "count": 200
        },
        "Tagger.Policy.Entropy.sum": {
            "value": 7198.62548828125,
            "min": 5773.9697265625,
            "max": 9192.56640625,
            "count": 200
        },
        "Tagger.Environment.EpisodeLength.mean": {
            "value": 224.03703703703704,
            "min": 65.0,
            "max": 999.0,
            "count": 200
        },
        "Tagger.Environment.EpisodeLength.sum": {
            "value": 6049.0,
            "min": 130.0,
            "max": 13699.0,
            "count": 200
        },
        "Tagger.Step.mean": {
            "value": 999898.0,
            "min": 4996.0,
            "max": 999898.0,
            "count": 200
        },
        "Tagger.Step.sum": {
            "value": 999898.0,
            "min": 4996.0,
            "max": 999898.0,
            "count": 200
        },
        "Tagger.Policy.ExtrinsicValueEstimate.mean": {
            "value": 53.0721435546875,
            "min": 0.965010941028595,
            "max": 73.95252227783203,
            "count": 200
        },
        "Tagger.Policy.ExtrinsicValueEstimate.sum": {
            "value": 2972.0400390625,
            "min": 38.60043716430664,
            "max": 5398.5341796875,
            "count": 200
        },
        "Tagger.Environment.CumulativeReward.mean": {
            "value": 114.28080393473307,
            "min": 0.0,
            "max": 125.22373555501302,
            "count": 200
        },
        "Tagger.Environment.CumulativeReward.sum": {
            "value": 3428.424118041992,
            "min": 0.0,
            "max": 6418.555450439453,
            "count": 200
        },
        "Tagger.Policy.ExtrinsicReward.mean": {
            "value": 114.28080393473307,
            "min": 0.0,
            "max": 125.22373555501302,
            "count": 200
        },
        "Tagger.Policy.ExtrinsicReward.sum": {
            "value": 3428.424118041992,
            "min": 0.0,
            "max": 6418.555450439453,
            "count": 200
        },
        "Tagger.Losses.PolicyLoss.mean": {
            "value": 0.06445923755139422,
            "min": 0.051977473767086245,
            "max": 0.07982182109117275,
            "count": 200
        },
        "Tagger.Losses.PolicyLoss.sum": {
            "value": 0.12891847510278845,
            "min": 0.06862970903360595,
            "max": 0.23587133021404344,
            "count": 200
        },
        "Tagger.Losses.ValueLoss.mean": {
            "value": 107.78745218118033,
            "min": 2.0409337325642505,
            "max": 130.94012419382733,
            "count": 200
        },
        "Tagger.Losses.ValueLoss.sum": {
            "value": 215.57490436236066,
            "min": 4.081867465128501,
            "max": 373.42791048685706,
            "count": 200
        },
        "Tagger.Policy.LearningRate.mean": {
            "value": 7.131997622999888e-07,
            "min": 7.131997622999888e-07,
            "max": 0.00029905800031399996,
            "count": 200
        },
        "Tagger.Policy.LearningRate.sum": {
            "value": 1.4263995245999776e-06,
            "min": 1.4263995245999776e-06,
            "max": 0.000880035006655,
            "count": 200
        },